date, pm25, pm10
2022/10/1, 115, 
2022/10/2, 73, 
2022/10/3, 100, 
2022/10/4, 83, 
2022/10/5, 100, 
2022/10/6, 101, 
2022/10/7, 82, 
2022/10/8, 68, 
2022/10/9, 120, 
2022/10/10, 99, 
2022/10/11, 149, 
2022/9/1, 111, 
2022/9/2, 126, 
2022/9/3, 95, 
2022/9/4, 68, 
2022/9/5, 121, 
2022/9/6, 94, 
2022/9/7, 103, 
2022/9/8, 118, 
2022/9/9, 144, 
2022/9/10, 109, 
2022/9/11, 92, 
2022/9/12, 90, 
2022/9/13, 114, 
2022/9/14, 113, 
2022/9/15, 133, 
2022/9/16, 113, 
2022/9/17, 126, 
2022/9/18, 149, 
2022/9/19, 130, 
2022/9/20, 114, 
2022/9/21, 123, 
2022/9/22, 126, 
2022/9/23, 112, 
2022/9/24, 93, 
2022/9/25, 119, 
2022/9/26, 102, 
2022/9/27, 86, 
2022/9/28, 115, 
2022/9/29, 106, 
2022/9/30, 109, 
2022/8/1, 105, 
2022/8/2, 141, 
2022/8/3, 150, 
2022/8/4, 101, 
2022/8/5, 92, 
2022/8/6, 132, 
2022/8/7, 116, 
2022/8/8, 89, 
2022/8/9, 98, 
2022/8/10, 126, 
2022/8/11, 123, 
2022/8/12, 104, 
2022/8/13, 106, 
2022/8/14, 105, 
2022/8/15, 90, 
2022/8/16, 128, 
2022/8/17, 99, 
2022/8/18, 94, 
2022/8/19, 103, 
2022/8/20, 110, 
2022/8/21, 99, 
2022/8/22, 88, 
2022/8/30, 108, 
2022/8/31, 140, 
2022/7/1, 133, 
2022/7/2, 160, 
2022/7/3, 133, 
2022/7/4, 72, 
2022/7/5, 119, 
2022/7/6, 113, 
2022/7/7, 126, 
2022/7/8, 96, 
2022/7/9, 78, 
2022/7/10, 94, 
2022/7/11, 126, 
2022/7/12, 142, 
2022/7/13, 118, 
2022/7/19, 130, 
2022/7/20, 145, 58
2022/7/21, 131, 56
2022/7/22, 123, 49
2022/7/23, 97, 
2022/7/24, 91, 41
2022/7/25, 100, 52
2022/7/26, 121, 62
2022/7/27, 141, 71
2022/7/28, 129, 38
2022/7/29, 100, 
2022/7/30, 126, 
2022/7/31, 133, 
2022/6/2, 77, 32
2022/6/3, 100, 32
2022/6/4, 112, 
2022/6/5, 116, 
2022/6/6, 107, 
2022/6/7, 93, 50
2022/6/8, 92, 39
2022/6/9, 98, 36
2022/6/10, 93, 51
2022/6/11, 99, 
2022/6/12, 114, 
2022/6/13, 106, 
2022/6/14, 119, 
2022/6/15, 145, 
2022/6/16, 129, 76
2022/6/17, 139, 
2022/6/18, 138, 
2022/6/19, 129, 
2022/6/20, 142, 
2022/6/21, 124, 64
2022/6/22, 129, 
2022/6/23, 130, 67
2022/6/24, 154, 
2022/6/25, 141, 
2022/6/26, 132, 
2022/6/27, 122, 50
2022/6/28, 103, 
2022/6/29, 90, 
2022/6/30, 103, 63
2022/5/1, 119, 
2022/5/2, 98, 
2022/5/3, 62, 
2022/5/4, 84, 
2022/5/5, 72, 
2022/5/6, 60, 
2022/5/7, 113, 
2022/5/8, 58, 
2022/5/9, 82, 
2022/5/10, 94, 
2022/5/11, 97, 34
2022/5/12, 73, 29
2022/5/13, 55, 49
2022/5/14, 122, 50
2022/5/15, 130, 44
2022/5/16, 119, 33
2022/5/17, 101, 
2022/5/18, 107, 
2022/5/19, 135, 20
2022/5/20, 104, 44
2022/5/21, 83, 
2022/5/22, 94, 
2022/5/23, 104, 
2022/5/24, 90, 
2022/5/25, 113, 
2022/5/26, 102, 
2022/5/27, 143, 
2022/5/28, 110, 
2022/5/29, 68, 
2022/5/30, 92, 25
2022/5/31, 92, 23
2022/4/1, 109, 33
2022/4/2, 89, 17
2022/4/3, 49, 39
2022/4/4, 81, 52
2022/4/5, 92, 38
2022/4/6, 75, 43
2022/4/7, 99, 27
2022/4/8, 74, 43
2022/4/9, 101, 52
2022/4/10, 119, 44
2022/4/11, 108, 60
2022/4/12, 143, 71
2022/4/13, 147, 41
2022/4/14, 87, 51
2022/4/15, 117, 48
2022/4/16, 125, 56
2022/4/17, 125, 37
2022/4/18, 102, 44
2022/4/19, 110, 38
2022/4/20, 86, 31
2022/4/21, 74, 64
2022/4/22, 125, 46
2022/4/23, 104, 41
2022/4/24, 100, 49
2022/4/25, 103, 33
2022/4/26, 71, 24
2022/4/27, 80, 20
2022/4/28, 33, 
2022/4/29, 45, 
2022/4/30, 82, 
2022/3/1, 45, 28
2022/3/2, 47, 19
2022/3/3, 53, 21
2022/3/4, 52, 24
2022/3/5, 61, 45
2022/3/6, 94, 18
2022/3/7, 47, 27
2022/3/8, 66, 
2022/3/9, 98, 
2022/3/10, 111, 60
2022/3/11, 107, 
2022/3/12, 54, 
2022/3/13, 87, 
2022/3/14, 107, 
2022/3/15, 95, 
2022/3/16, 110, 
2022/3/17, 129, 34
2022/3/18, 109, 21
2022/3/19, 57, 
2022/3/20, 56, 
2022/3/21, 38, 
2022/3/22, 72, 
2022/3/23, 54, 
2022/3/24, 86, 61
2022/3/25, 124, 54
2022/3/26, 115, 52
2022/3/27, 120, 27
2022/3/28, 71, 46
2022/3/29, 119, 
2022/3/30, 146, 37
2022/3/31, 131, 62
2022/2/1, 110, 
2022/2/2, 61, 
2022/2/3, 89, 
2022/2/4, 68, 
2022/2/5, 65, 
2022/2/6, 49, 
2022/2/7, 59, 
2022/2/8, 104, 
2022/2/9, 86, 
2022/2/10, 52, 
2022/2/11, 99, 
2022/2/12, 97, 
2022/2/13, 114, 
2022/2/14, 129, 
2022/2/23, 76, 
2022/2/24, 41, 19
2022/2/25, 48, 21
2022/2/26, 55, 14
2022/2/27, 41, 22
2022/2/28, 43, 19
2022/1/3, 78, 39
2022/1/4, 110, 68
2022/1/5, 160, 52
2022/1/6, 115, 34
2022/1/7, 71, 72
2022/1/8, 100, 192
2022/1/9, 87, 26
2022/1/10, 76, 22
2022/1/11, 61, 27
2022/1/12, 66, 
2022/1/13, 69, 
2022/1/14, 79, 32
2022/1/15, 82, 44
2022/1/16, 116, 250
2022/1/17, 87, 
2022/1/18, 74, 
2022/1/19, 65, 
2022/1/20, 56, 
2022/1/21, 70, 
2022/1/22, 67, 
2022/1/23, 67, 
2022/1/24, 56, 
2022/1/25, 60, 
2022/1/26, 61, 
2022/1/27, 81, 
2022/1/28, 79, 
2022/1/29, 121, 
2022/1/30, 159, 
2022/1/31, 92, 
2021/10/1, 121, 72
2021/10/2, 140, 
2021/10/3, 111, 
2021/10/4, 119, 
2021/10/5, 102, 45
2021/10/6, 99, 37
2021/10/7, 90, 45
2021/10/8, 109, 42
2021/10/9, 96, 50
2021/10/10, 127, 50
2021/10/11, 106, 47
2021/10/12, 107, 48
2021/10/13, 117, 62
2021/10/14, 130, 72
2021/10/15, 151, 
2021/10/16, 141, 
2021/10/17, 133, 22
2021/10/18, 86, 37
2021/10/19, 72, 
2021/10/20, 88, 
2021/10/21, 98, 70
2021/10/22, 119, 
2021/10/23, 119, 55
2021/10/24, 136, 
2021/10/25, 127, 51
2021/10/26, 121, 34
2021/10/27, 91, 50
2021/10/28, 87, 50
2021/10/29, 96, 
2021/10/30, 89, 63
2021/10/31, 111, 57
2021/11/1, 111, 37
2021/11/2, 93, 44
2021/11/3, 96, 46
2021/11/4, 117, 39
2021/11/5, 120, 32
2021/11/6, 88, 28
2021/11/7, 74, 42
2021/11/8, 81, 35
2021/11/9, 113, 22
2021/11/10, 69, 
2021/11/11, 73, 10
2021/11/12, 68, 50
2021/11/13, 110, 25
2021/11/14, 55, 25
2021/11/15, 56, 17
2021/11/16, 52, 4
2021/11/17, 87, 4
2021/11/18, 93, 5
2021/11/19, 35, 28
2021/11/20, 69, 24
2021/11/21, 58, 17
2021/11/22, 35, 10
2021/11/23, 24, 31
2021/11/24, 54, 33
2021/11/25, 64, 31
2021/11/26, 75, 15
2021/11/27, 36, 13
2021/11/28, 36, 16
2021/11/29, 42, 31
2021/11/30, 93, 27
2021/12/1, 63, 20
2021/12/2, 51, 
2021/12/3, 71, 
2021/12/4, 71, 
2021/12/5, 85, 
2021/12/6, 94, 
2021/12/7, 63, 
2021/12/8, 75, 
2021/12/9, 68, 
2021/12/10, 87, 
2021/12/11, 71, 
2021/12/12, 73, 
2021/12/13, 57, 
2021/12/14, 81, 
2021/12/15, 119, 
2021/12/16, 105, 
2021/12/17, 88, 
2021/12/18, 89, 
2021/12/19, 120, 
2021/12/20, 91, 
2021/12/21, 108, 45
2021/12/22, 126, 42
2021/12/23, 98, 32
2021/12/24, 81, 41
2021/12/25, 95, 23
2021/12/26, 72, 27
2021/12/27, 93, 35
2021/12/28, 90, 22
2021/12/29, 76, 39
2021/12/30, 108, 49
2021/12/31, 118, 21
2022/1/1, 53, 21
2022/1/2, 58, 35
2021/7/1, 108, 49
2021/7/2, 97, 61
2021/7/3, 133, 68
2021/7/4, 146, 65
2021/7/5, 139, 53
2021/7/6, 120, 62
2021/7/7, 141, 71
2021/7/8, 152, 66
2021/7/9, 141, 55
2021/7/10, 115, 49
2021/7/11, 106, 44
2021/7/12, 90, 63
2021/7/13, 139, 37
2021/7/14, 93, 88
2021/7/15, 159, 72
2021/7/16, 138, 57
2021/7/17, 131, 71
2021/7/18, 138, 72
2021/7/19, 153, 
2021/7/20, 122, 
2021/7/21, 108, 
2021/7/22, 133, 
2021/7/23, 116, 
2021/7/24, 123, 
2021/7/25, 134, 68
2021/7/26, 133, 
2021/7/27, 135, 
2021/7/28, 135, 
2021/7/29, 151, 68
2021/7/30, 140, 
2021/7/31, 100, 37
2021/8/1, 96, 33
2021/8/2, 80, 
2021/8/3, 104, 37
2021/8/4, 85, 51
2021/8/5, 103, 46
2021/8/6, 106, 54
2021/8/7, 100, 55
2021/8/8, 102, 46
2021/8/9, 77, 33
2021/8/10, 81, 54
2021/8/11, 103, 51
2021/8/12, 98, 65
2021/8/13, 123, 68
2021/8/14, 124, 49
2021/8/15, 99, 53
2021/8/16, 97, 57
2021/8/17, 128, 53
2021/8/18, 126, 58
2021/8/19, 131, 52
2021/8/20, 117, 47
2021/8/21, 111, 53
2021/8/22, 113, 55
2021/8/23, 119, 64
2021/8/24, 153, 51
2021/8/25, 109, 52
2021/8/26, 103, 61
2021/8/27, 139, 66
2021/8/28, 126, 64
2021/8/29, 159, 71
2021/8/30, 151, 58
2021/8/31, 128, 58
2021/9/1, 112, 55
2021/9/2, 126, 55
2021/9/3, 129, 48
2021/9/4, 106, 56
2021/9/7, 111, 46
2021/9/8, 106, 43
2021/9/9, 85, 47
2021/9/10, 105, 55
2021/9/11, 119, 43
2021/9/12, 112, 36
2021/9/13, 73, 32
2021/9/14, 78, 39
2021/9/15, 85, 35
2021/9/16, 76, 37
2021/9/17, 88, 45
2021/9/18, 100, 45
2021/9/19, 113, 43
2021/9/20, 94, 52
2021/9/21, 100, 45
2021/9/22, 98, 49
2021/9/23, 105, 43
2021/9/24, 101, 44
2021/9/25, 98, 39
2021/9/26, 105, 43
2021/9/27, 98, 37
2021/9/28, 86, 47
2021/9/29, 133, 56
2021/9/30, 134, 51
2021/4/1, 56, 29
2021/4/2, 65, 20
2021/4/3, 66, 41
2021/4/4, 106, 46
2021/4/5, 99, 22
2021/4/6, 50, 21
2021/4/7, 57, 34
2021/4/8, 73, 31
2021/4/9, 104, 27
2021/4/10, 81, 45
2021/4/11, 109, 46
2021/4/12, 108, 40
2021/4/13, 92, 45
2021/4/14, 110, 46
2021/4/15, 106, 48
2021/4/16, 122, 51
2021/4/17, 128, 47
2021/4/18, 135, 49
2021/4/19, 121, 49
2021/4/20, 110, 54
2021/4/21, 124, 47
2021/4/22, 122, 64
2021/4/23, 142, 59
2021/4/24, 101, 48
2021/4/25, 111, 50
2021/4/26, 119, 55
2021/4/27, 123, 42
2021/4/28, 100, 51
2021/4/29, 108, 
2021/4/30, 108, 
2021/5/1, 101, 
2021/5/2, 100, 44
2021/5/3, 99, 44
2021/5/4, 112, 44
2021/5/5, 111, 37
2021/5/6, 86, 48
2021/5/7, 98, 40
2021/5/8, 97, 24
2021/5/9, 68, 47
2021/5/10, 101, 55
2021/5/11, 122, 57
2021/5/12, 129, 55
2021/5/13, 131, 41
2021/5/14, 107, 40
2021/5/15, 101, 39
2021/5/16, 98, 34
2021/5/17, 91, 25
2021/5/18, 75, 42
2021/5/19, 116, 49
2021/5/20, 112, 49
2021/5/21, 114, 50
2021/5/22, 126, 59
2021/5/23, 146, 81
2021/5/24, 133, 37
2021/5/25, 84, 55
2021/5/26, 110, 46
2021/5/27, 81, 56
2021/5/28, 118, 39
2021/5/29, 94, 46
2021/5/30, 99, 44
2021/5/31, 110, 58
2021/6/1, 146, 51
2021/6/10, 112, 50
2021/6/11, 117, 57
2021/6/12, 98, 45
2021/6/13, 108, 65
2021/6/14, 125, 45
2021/6/15, 106, 76
2021/6/16, 112, 67
2021/6/17, 141, 60
2021/6/18, 119, 65
2021/6/19, 145, 76
2021/6/20, 138, 88
2021/6/21, 85, 31
2021/6/22, 75, 63
2021/6/23, 139, 60
2021/6/24, 129, 63
2021/6/25, 119, 45
2021/6/26, 107, 55
2021/6/27, 135, 
2021/6/28, 137, 57
2021/6/29, 139, 60
2021/6/30, 134, 49
2021/1/4, 57, 34
2021/1/5, 87, 29
2021/1/6, 62, 23
2021/1/7, 61, 33
2021/1/8, 76, 35
2021/1/9, 73, 25
2021/1/10, 53, 31
2021/1/11, 73, 30
2021/1/12, 49, 30
2021/1/13, 61, 27
2021/1/14, 81, 36
2021/1/15, 110, 62
2021/1/16, 92, 48
2021/1/17, 113, 27
2021/1/18, 74, 36
2021/1/19, 70, 33
2021/1/20, 65, 38
2021/1/21, 92, 37
2021/1/22, 119, 59
2021/1/23, 123, 28
2021/1/24, 92, 56
2021/1/25, 129, 36
2021/1/26, 79, 22
2021/1/27, 40, 22
2021/1/28, 48, 23
2021/1/29, 57, 27
2021/1/30, 64, 39
2021/1/31, 99, 52
2021/2/1, 107, 25
2021/2/2, 68, 20
2021/2/3, 47, 36
2021/2/4, 70, 27
2021/2/5, 56, 27
2021/2/6, 53, 27
2021/2/7, 49, 22
2021/2/8, 54, 33
2021/2/9, 83, 27
2021/2/10, 60, 21
2021/2/11, 50, 24
2021/2/12, 70, 22
2021/2/13, 70, 34
2021/2/14, 73, 34
2021/2/15, 68, 21
2021/2/16, 68, 35
2021/2/17, 81, 35
2021/2/18, 64, 
2021/2/19, 70, 24
2021/2/20, 55, 
2021/2/21, 59, 
2021/2/22, 106, 
2021/2/23, 103, 16
2021/2/24, 39, 28
2021/2/25, 69, 21
2021/2/26, 56, 46
2021/2/27, 102, 30
2021/2/28, 82, 21
2021/3/1, 84, 27
2021/3/2, 91, 30
2021/3/3, 93, 37
2021/3/4, 122, 38
2021/3/5, 99, 39
2021/3/6, 115, 54
2021/3/7, 125, 29
2021/3/8, 71, 28
2021/3/9, 82, 36
2021/3/10, 99, 18
2021/3/11, 55, 34
2021/3/12, 98, 25
2021/3/13, 68, 26
2021/3/14, 84, 48
2021/3/15, 115, 47
2021/3/16, 112, 54
2021/3/17, 141, 69
2021/3/18, 141, 44
2021/3/19, 126, 40
2021/3/20, 105, 29
2021/3/21, 77, 29
2021/3/22, 75, 27
2021/3/23, 62, 19
2021/3/24, 48, 20
2021/3/25, 64, 40
2021/3/26, 116, 45
2021/3/27, 107, 45
2021/3/28, 111, 42
2021/3/29, 101, 39
2021/3/30, 104, 20
2021/3/31, 62, 16
2020/10/26, 79, 41
2020/10/27, 76, 41
2020/10/28, 104, 50
2020/10/29, 91, 50
2020/10/30, 110, 47
2020/10/31, 77, 38
2020/11/1, 74, 39
2020/11/2, 50, 25
2020/11/3, 88, 47
2020/11/4, 111, 50
2020/11/5, 117, 57
2020/11/6, 131, 68
2020/11/7, 121, 59
2020/11/8, 127, 61
2020/11/9, 115, 62
2020/11/10, 137, 64
2020/11/11, 123, 62
2020/11/12, 100, 52
2020/11/13, 83, 46
2020/11/14, 117, 52
2020/11/15, 88, 48
2020/11/16, 109, 57
2020/11/17, 132, 57
2020/11/18, 114, 60
2020/11/19, 106, 65
2020/11/20, 97, 47
2020/11/21, 115, 52
2020/11/22, 120, 
2020/11/23, 125, 45
2020/11/24, 75, 37
2020/11/25, 74, 41
2020/11/26, 80, 44
2020/11/27, 69, 35
2020/11/28, 81, 47
2020/11/29, 50, 29
2020/11/30, 32, 18
2020/12/1, 39, 18
2020/12/2, 65, 31
2020/12/3, 58, 31
2020/12/4, 55, 31
2020/12/5, 48, 26
2020/12/6, 52, 25
2020/12/7, 48, 26
2020/12/8, 61, 34
2020/12/9, 56, 
2020/12/10, 56, 
2020/12/11, 53, 18
2020/12/12, 39, 25
2020/12/13, 54, 27
2020/12/14, 32, 19
2020/12/15, 46, 22
2020/12/16, 32, 19
2020/12/17, 45, 23
2020/12/18, 42, 24
2020/12/19, 57, 29
2020/12/20, 50, 23
2020/12/21, 34, 16
2020/12/22, 66, 27
2020/12/23, 74, 30
2020/12/24, 61, 35
2020/12/25, 45, 20
2020/12/26, 45, 22
2020/12/27, 63, 23
2020/12/28, 38, 27
2020/12/29, 29, 18
2020/12/30, 47, 24
2020/12/31, 63, 24
2021/1/1, 80, 26
2021/1/2, 83, 27
2021/1/3, 69, 25
2020/7/1, 59, 50
2020/7/2, 54, 57
2020/7/3, 55, 62
2020/7/4, 52, 59
2020/7/5, 52, 56
2020/7/6, 94, 46
2020/7/7, 122, 57
2020/7/8, 144, 51
2020/7/9, 126, 62
2020/7/10, 151, 56
2020/7/11, 136, 57
2020/7/12, 135, 60
2020/7/13, 135, 62
2020/7/14, 136, 43
2020/7/15, 94, 45
2020/7/16, 93, 54
2020/7/17, 121, 55
2020/7/18, 125, 63
2020/7/19, 150, 61
2020/7/20, 125, 53
2020/7/21, 133, 55
2020/7/22, 112, 55
2020/7/23, 136, 56
2020/7/24, 140, 62
2020/7/25, 133, 
2020/7/26, 100, 61
2020/7/27, 140, 67
2020/7/28, 157, 70
2020/7/29, 155, 56
2020/7/30, 146, 42
2020/7/31, 88, 59
2020/8/1, 148, 66
2020/8/2, 148, 69
2020/8/3, 146, 69
2020/8/4, 137, 60
2020/8/5, 149, 64
2020/8/6, 153, 57
2020/8/7, 137, 53
2020/8/8, 128, 46
2020/8/9, 105, 57
2020/8/10, 130, 60
2020/8/11, 134, 57
2020/8/12, 122, 33
2020/8/13, 106, 35
2020/8/14, 96, 62
2020/8/15, 94, 26
2020/8/16, 108, 41
2020/8/17, 93, 50
2020/8/18, 126, 61
2020/8/19, 129, 45
2020/8/20, 106, 42
2020/8/21, 85, 58
2020/8/22, 117, 63
2020/8/23, 132, 57
2020/8/24, 125, 53
2020/8/25, 85, 55
2020/8/26, 74, 53
2020/8/27, 63, 56
2020/8/28, 70, 56
2020/8/29, 74, 57
2020/8/30, 83, 63
2020/8/31, 99, 55
2020/9/1, 81, 61
2020/9/2, 113, 45
2020/9/3, 52, 47
2020/9/4, 77, 58
2020/9/5, 107, 57
2020/9/6, 98, 63
2020/9/7, 84, 
2020/9/8, 94, 
2020/9/11, 9, 57
2020/9/12, 6, 56
2020/9/13, 9, 62
2020/9/14, 102, 57
2020/9/15, 111, 56
2020/9/16, 98, 61
2020/9/17, 92, 57
2020/9/18, 117, 64
2020/9/19, 111, 38
2020/9/20, 81, 43
2020/9/21, 89, 40
2020/9/22, 82, 52
2020/9/23, 112, 53
2020/4/1, 109, 20
2020/4/2, 94, 21
2020/4/3, 101, 39
2020/4/4, 119, 41
2020/4/5, 132, 26
2020/4/6, 106, 17
2020/4/7, 77, 15
2020/4/8, 84, 29
2020/4/9, 117, 43
2020/4/10, 144, 36
2020/4/11, 126, 49
2020/4/12, 172, 34
2020/4/13, 126, 33
2020/4/14, 121, 29
2020/4/15, 114, 26
2020/4/16, 103, 32
2020/4/17, 118, 42
2020/4/18, 140, 51
2020/4/19, 151, 44
2020/4/20, 128, 52
2020/4/21, 140, 50
2020/4/22, 132, 44
2020/4/23, 124, 52
2020/4/24, 116, 43
2020/4/25, 126, 41
2020/4/26, 140, 32
2020/4/27, 119, 40
2020/4/28, 136, 44
2020/4/29, 146, 51
2020/4/30, 145, 46
2020/5/1, 131, 38
2020/5/2, 99, 41
2020/5/3, 136, 41
2020/5/4, 124, 36
2020/5/5, 108, 37
2020/5/6, 117, 47
2020/5/7, 138, 55
2020/5/8, 158, 44
2020/5/9, 148, 40
2020/5/10, 137, 37
2020/5/11, 119, 40
2020/5/12, 124, 46
2020/5/13, 125, 53
2020/5/14, 139, 51
2020/5/15, 143, 47
2020/5/16, 138, 55
2020/5/17, 150, 36
2020/5/18, 115, 31
2020/5/19, 103, 31
2020/5/20, 110, 25
2020/5/21, 92, 42
2020/5/22, 130, 30
2020/5/23, 112, 39
2020/5/24, 108, 
2020/5/25, 102, 
2020/5/26, 97, 32
2020/5/27, 101, 30
2020/5/28, 131, 46
2020/5/29, 135, 41
2020/5/30, 131, 33
2020/5/31, 125, 44
2020/6/1, 136, 32
2020/6/2, 114, 36
2020/6/3, 117, 46
2020/6/4, 121, 59
2020/6/5, 158, 60
2020/6/6, 140, 
2020/6/7, 131, 52
2020/6/8, 144, 49
2020/6/9, 148, 63
2020/6/10, 152, 54
2020/6/11, 146, 43
2020/6/12, 133, 52
2020/6/13, 141, 55
2020/6/14, 149, 63
2020/6/15, 159, 56
2020/6/16, 128, 57
2020/6/17, 134, 55
2020/6/18, 149, 51
2020/6/19, 147, 58
2020/6/20, 140, 56
2020/6/21, 150, 60
2020/6/22, 151, 48
2020/6/23, 128, 49
2020/6/24, 145, 68
2020/6/25, 165, 68
2020/6/26, 163, 64
2020/6/27, 157, 65
2020/6/28, 160, 68
2020/6/29, 165, 73
2020/1/1, 97, 21
2020/1/2, 95, 30
2020/1/3, 114, 27
2020/1/4, 112, 26
2020/1/5, 115, 35
2020/1/6, 119, 29
2020/1/7, 107, 40
2020/1/8, 133, 27
2020/1/9, 104, 15
2020/1/10, 82, 30
2020/1/11, 96, 20
2020/1/12, 90, 
2020/1/13, 108, 
2020/1/14, 88, 
2020/1/15, 102, 37
2020/1/16, 139, 48
2020/1/17, 136, 26
2020/1/18, 120, 43
2020/1/19, 141, 44
2020/1/20, 123, 17
2020/1/21, 96, 30
2020/1/22, 126, 16
2020/1/23, 111, 33
2020/1/24, 114, 17
2020/1/25, 92, 39
2020/1/26, 120, 21
2020/1/27, 93, 44
2020/1/28, 127, 34
2020/1/29, 124, 16
2020/1/30, 77, 30
2020/1/31, 104, 23
2020/2/1, 79, 27
2020/2/2, 95, 24
2020/2/3, 111, 16
2020/2/4, 81, 37
2020/2/5, 128, 43
2020/2/6, 125, 31
2020/2/7, 103, 19
2020/2/8, 78, 22
2020/2/9, 82, 28
2020/2/10, 93, 48
2020/2/11, 120, 46
2020/2/12, 116, 31
2020/2/13, 111, 37
2020/2/14, 138, 55
2020/2/15, 146, 34
2020/2/16, 117, 26
2020/2/17, 105, 24
2020/2/18, 107, 24
2020/2/19, 97, 19
2020/2/20, 90, 23
2020/2/21, 94, 21
2020/2/22, 90, 16
2020/2/23, 79, 17
2020/2/24, 74, 17
2020/2/25, 86, 32
2020/2/26, 109, 
2020/2/27, 99, 
2020/2/28, 93, 
2020/2/29, 120, 
2020/3/1, 95, 23
2020/3/2, 98, 33
2020/3/3, 140, 37
2020/3/4, 123, 23
2020/3/5, 86, 33
2020/3/6, 103, 17
2020/3/7, 87, 
2020/3/8, 128, 19
2020/3/9, 78, 24
2020/3/10, 95, 24
2020/3/11, 93, 31
2020/3/12, 108, 22
2020/3/13, 100, 53
2020/3/14, 144, 39
2020/3/15, 122, 31
2020/3/16, 116, 33
2020/3/17, 115, 31
2020/3/18, 124, 44
2020/3/19, 134, 40
2020/3/20, 115, 34
2020/3/21, 95, 15
2020/3/22, 92, 43
2020/3/23, 127, 40
2020/3/24, 132, 19
2020/3/25, 102, 29
2020/3/26, 112, 31
2020/3/27, 116, 44
2020/3/28, 152, 40
2020/3/29, 144, 42
2020/3/30, 117, 40
2020/3/31, 114, 18
2019/10/1, 156, 73
2019/10/2, 155, 
2019/10/3, 155, 62
2019/10/4, 143, 53
2019/10/5, 131, 51
2019/10/6, 140, 56
2019/10/7, 136, 78
2019/10/8, 152, 
2019/10/9, 151, 
2019/10/10, 165, 
2019/10/11, 161, 
2019/10/12, 152, 
2019/10/13, 154, 
2019/10/14, 156, 
2019/10/15, 147, 
2019/10/16, 147, 
2019/10/17, 144, 
2019/10/18, 132, 
2019/10/19, 146, 
2019/10/20, 146, 
2019/10/21, 144, 64
2019/10/22, 150, 59
2019/10/23, 144, 64
2019/10/24, 151, 60
2019/10/25, 153, 70
2019/10/26, 155, 64
2019/10/27, 150, 51
2019/10/28, 141, 58
2019/10/29, 147, 62
2019/10/30, 155, 53
2019/10/31, 129, 45
2019/11/1, 121, 42
2019/11/2, 129, 39
2019/11/3, 123, 39
2019/11/4, 129, 53
2019/11/5, 144, 55
2019/11/6, 142, 60
2019/11/7, 151, 70
2019/11/8, 155, 53
2019/11/9, 141, 67
2019/11/10, 159, 55
2019/11/11, 143, 64
2019/11/12, 163, 66
2019/11/13, 156, 59
2019/11/14, 136, 60
2019/11/15, 135, 53
2019/11/16, 123, 55
2019/11/17, 138, 58
2019/11/18, 130, 43
2019/11/19, 117, 50
2019/11/20, 128, 54
2019/11/21, 128, 54
2019/11/22, 157, 65
2019/11/23, 157, 60
2019/11/24, 150, 68
2019/11/25, 160, 54
2019/11/26, 153, 52
2019/11/27, 144, 51
2019/11/28, 144, 48
2019/11/29, 141, 34
2019/11/30, 120, 48
2019/12/1, 133, 46
2019/12/2, 133, 54
2019/12/3, 144, 
2019/12/4, 127, 
2019/12/5, 131, 
2019/12/6, 122, 
2019/12/7, 122, 
2019/12/8, 125, 
2019/12/9, 143, 
2019/12/10, 136, 
2019/12/11, 145, 
2019/12/12, 133, 
2019/12/13, 141, 
2019/12/14, 125, 
2019/12/15, 142, 
2019/12/16, 151, 
2019/12/17, 116, 
2019/12/18, 128, 27
2019/12/19, 137, 
2019/12/20, 145, 51
2019/12/21, 139, 46
2019/12/22, 130, 47
2019/12/23, 127, 60
2019/12/24, 138, 23
2019/12/25, 113, 40
2019/12/26, 132, 40
2019/12/27, 123, 30
2019/12/28, 114, 35
2019/12/29, 131, 
2019/7/1, 152, 73
2019/7/2, 155, 68
2019/7/3, 154, 61
2019/7/4, 147, 65
2019/7/5, 160, 56
2019/7/6, 129, 57
2019/7/7, 137, 63
2019/7/8, 143, 67
2019/7/9, 153, 59
2019/7/10, 138, 66
2019/7/11, 139, 64
2019/7/12, 143, 64
2019/7/13, 152, 66
2019/7/14, 148, 62
2019/7/15, 145, 70
2019/7/16, 148, 66
2019/7/17, 149, 64
2019/7/18, 135, 58
2019/7/19, 140, 
2019/7/20, 147, 56
2019/7/21, 131, 66
2019/7/22, 157, 63
2019/7/23, 135, 60
2019/7/24, 143, 71
2019/7/25, 164, 69
2019/7/26, 149, 55
2019/7/27, 146, 69
2019/7/28, 167, 64
2019/7/29, 157, 54
2019/7/30, 162, 62
2019/7/31, 147, 57
2019/8/1, 145, 65
2019/8/2, 150, 74
2019/8/3, 163, 59
2019/8/4, 149, 53
2019/8/5, 128, 54
2019/8/6, 122, 60
2019/8/7, 142, 62
2019/8/8, 148, 59
2019/8/9, 137, 66
2019/8/10, 147, 60
2019/8/11, 147, 61
2019/8/12, 147, 59
2019/8/13, 137, 56
2019/8/14, 132, 64
2019/8/15, 156, 70
2019/8/16, 171, 63
2019/8/17, 151, 56
2019/8/18, 135, 68
2019/8/19, 159, 62
2019/8/20, 132, 58
2019/8/21, 127, 60
2019/8/22, 145, 69
2019/8/23, 153, 63
2019/8/24, 147, 61
2019/8/25, 151, 61
2019/8/26, 147, 60
2019/8/27, 147, 55
2019/8/28, 137, 68
2019/8/29, 148, 62
2019/8/30, 143, 64
2019/8/31, 152, 61
2019/9/1, 154, 67
2019/9/2, 159, 60
2019/9/3, 155, 64
2019/9/4, 159, 59
2019/9/5, 157, 60
2019/9/6, 146, 60
2019/9/7, 148, 61
2019/9/8, 149, 59
2019/9/9, 152, 54
2019/9/10, 133, 69
2019/9/11, 147, 65
2019/9/12, 158, 72
2019/9/13, 143, 
2019/9/14, 147, 
2019/9/15, 149, 56
2019/9/16, 137, 62
2019/9/17, 151, 58
2019/9/18, 147, 57
2019/9/19, 147, 61
2019/9/20, 139, 
2019/9/21, 151, 66
2019/9/22, 146, 66
2019/9/23, 153, 62
2019/9/24, 148, 65
2019/9/25, 155, 62
2019/9/26, 146, 62
2019/9/27, 137, 53
2019/9/28, 133, 59
2019/9/29, 145, 58
2019/9/30, 137, 60
2019/4/9, 130, 
2019/4/10, 150, 
2019/4/11, 99, 
2019/4/12, 101, 
2019/4/13, 90, 
2019/4/14, 89, 
2019/4/15, 139, 
2019/4/16, 134, 
2019/4/17, 129, 
2019/4/18, 135, 
2019/4/19, 85, 
2019/4/20, 97, 
2019/4/21, 124, 
2019/4/22, 107, 
2019/4/23, 122, 
2019/4/24, 130, 
2019/4/25, 112, 
2019/4/26, 93, 
2019/4/27, 116, 
2019/4/28, 122, 
2019/4/29, 124, 
2019/4/30, 109, 
2019/5/1, 84, 
2019/5/2, 81, 
2019/5/3, 122, 
2019/5/4, 123, 
2019/5/5, 127, 
2019/5/6, 107, 
2019/5/7, 154, 
2019/5/8, 161, 
2019/5/9, 142, 47
2019/5/10, 104, 
2019/5/11, 105, 
2019/5/12, 126, 
2019/5/13, 138, 
2019/5/14, 142, 
2019/5/15, 136, 
2019/5/16, 136, 
2019/5/17, 129, 
2019/5/18, 154, 
2019/5/19, 160, 
2019/5/20, 151, 
2019/5/21, 156, 
2019/5/22, 134, 
2019/5/23, 135, 
2019/5/24, 140, 
2019/5/25, 142, 
2019/5/26, 156, 
2019/5/27, 153, 
2019/5/28, 136, 
2019/5/29, 136, 
2019/5/30, 129, 
2019/5/31, 134, 
2019/6/1, 151, 
2019/6/2, 141, 51
2019/6/3, 137, 
2019/6/4, 154, 52
2019/6/5, 130, 46
2019/6/6, 119, 36
2019/6/7, 108, 45
2019/6/8, 113, 48
2019/6/9, 135, 54
2019/6/10, 139, 64
2019/6/11, 150, 63
2019/6/12, 157, 62
2019/6/13, 156, 62
2019/6/14, 152, 53
2019/6/15, 129, 
2019/6/16, 133, 65
2019/6/17, 155, 66
2019/6/18, 144, 67
2019/6/19, 154, 77
2019/6/20, 166, 73
2019/6/21, 156, 82
2019/6/22, 165, 73
2019/6/23, 170, 82
2019/6/24, 170, 85
2019/6/25, 169, 78
2019/6/26, 165, 75
2019/6/27, 157, 73
2019/6/28, 152, 62
2019/6/29, 142, 63
2019/6/30, 140, 61
2019/1/1, 32, 
2019/1/2, 27, 
2019/1/3, 37, 
2019/1/4, 59, 
2019/1/5, 84, 
2019/1/6, 110, 
2019/1/7, 108, 
2019/1/8, 87, 
2019/1/9, 109, 
2019/1/10, 84, 
2019/1/11, 104, 
2019/1/12, 91, 
2019/1/13, 126, 
2019/1/14, 108, 
2019/1/15, 78, 
2019/1/16, 55, 
2019/1/17, 24, 
2019/1/22, 64, 
2019/1/23, 76, 
2019/1/24, 75, 
2019/1/25, 73, 
2019/1/26, 97, 
2019/1/27, 72, 
2019/1/28, 67, 
2019/1/29, 60, 
2019/1/30, 55, 
2019/1/31, 84, 
2019/2/1, 106, 
2019/2/2, 102, 
2019/2/3, 98, 
2019/2/4, 90, 
2019/2/5, 71, 
2019/2/6, 76, 
2019/2/7, 91, 
2019/2/8, 87, 
2019/2/9, 110, 
2019/2/10, 87, 
2019/2/11, 47, 
2019/2/12, 104, 
2019/2/13, 108, 
2019/2/14, 109, 
2019/2/15, 60, 
2019/2/16, 58, 
2019/2/17, 65, 
2019/2/18, 140, 
2019/2/19, 144, 
2019/2/20, 129, 
2019/2/21, 101, 
2019/2/22, 89, 
2019/2/23, 84, 
2019/2/24, 105, 
2019/2/25, 90, 68
2019/2/26, 97, 
2019/2/27, 89, 22
2019/2/28, 103, 
2019/3/1, 73, 
2019/3/2, 73, 
2019/3/3, 73, 
2019/3/4, 78, 
2019/3/5, 58, 
2019/3/6, 79, 
2019/3/7, 97, 
2019/3/8, 133, 
2019/3/9, 96, 
2019/3/10, 89, 
2019/3/11, 72, 
2019/3/12, 59, 
2019/3/13, 80, 
2019/3/14, 93, 
2019/3/15, 128, 
2019/3/16, 79, 
2019/3/17, 78, 
2019/3/18, 66, 
2019/3/19, 44, 
2019/3/20, 61, 
2019/3/21, 72, 
2019/3/22, 62, 
2019/3/23, 35, 
2019/3/24, 38, 
2019/3/25, 58, 
2019/3/26, 131, 
2018/10/1, 123, 54
2018/10/2, 126, 63
2018/10/3, 142, 57
2018/10/4, 134, 62
2018/10/5, 125, 53
2018/10/6, 124, 
2018/10/7, 123, 63
2018/10/8, 127, 61
2018/10/9, 135, 68
2018/10/10, 144, 70
2018/10/11, 138, 59
2018/10/12, 136, 65
2018/10/13, 151, 73
2018/10/14, 137, 64
2018/10/15, 133, 64
2018/10/16, 142, 68
2018/10/17, 147, 70
2018/10/18, 118, 52
2018/11/4, 108, 44
2018/11/5, 124, 51
2018/11/6, 115, 51
2018/11/7, 125, 50
2018/11/8, 114, 51
2018/11/9, 128, 
2018/11/10, 134, 
2018/11/11, 123, 
2018/11/12, 137, 
2018/11/13, 136, 12
2018/11/14, 69, 16
2018/11/15, 32, 55
2018/11/16, 52, 51
2018/11/17, 60, 56
2018/11/18, 70, 63
2018/11/19, 71, 45
2018/11/20, 95, 74
2018/11/21, 139, 69
2018/11/22, 119, 62
2018/11/23, 117, 70
2018/11/24, 119, 53
2018/11/25, 125, 88
2018/11/26, 117, 
2018/11/27, 113, 
2018/11/28, 112, 
2018/11/29, 106, 
2018/11/30, 102, 
2018/12/1, 117, 
2018/12/2, 100, 
2018/12/3, 129, 
2018/12/4, 108, 
2018/12/5, 112, 
2018/12/6, 91, 
2018/12/7, 112, 
2018/12/8, 129, 
2018/12/9, 122, 
2018/12/10, 140, 
2018/12/11, 142, 
2018/12/12, 89, 
2018/12/13, 79, 
2018/12/14, 69, 
2018/12/15, 51, 
2018/12/16, 67, 
2018/12/17, 72, 
2018/12/18, 87, 
2018/12/19, 113, 
2018/12/20, 72, 
2018/12/21, 75, 
2018/12/22, 109, 
2018/12/23, 47, 
2018/12/24, 33, 
2018/12/25, 40, 
2018/12/26, 43, 
2018/12/27, 43, 
2018/12/28, 26, 
2018/12/29, 30, 
2018/12/30, 30, 
2018/7/1, 152, 85
2018/7/2, 146, 
2018/7/3, 167, 
2018/7/4, 163, 
2018/7/5, 124, 
2018/7/6, 105, 
2018/7/7, 154, 
2018/7/8, 163, 
2018/7/9, 150, 
2018/7/10, 156, 
2018/7/11, 158, 
2018/7/12, 152, 
2018/7/13, 152, 
2018/7/14, 163, 
2018/7/15, 109, 
2018/7/16, 118, 75
2018/7/17, 151, 72
2018/7/18, 156, 76
2018/7/19, 161, 70
2018/7/20, 151, 68
2018/7/21, 157, 80
2018/7/22, 158, 62
2018/7/23, 143, 58
2018/7/24, 153, 66
2018/7/25, 156, 72
2018/7/26, 158, 78
2018/7/27, 154, 77
2018/7/28, 162, 75
2018/7/29, 157, 82
2018/7/30, 164, 73
2018/7/31, 160, 72
2018/8/1, 159, 60
2018/8/2, 142, 58
2018/8/3, 113, 61
2018/8/4, 124, 60
2018/8/5, 133, 57
2018/8/6, 122, 70
2018/8/7, 156, 79
2018/8/8, 165, 70
2018/8/9, 165, 56
2018/8/10, 126, 67
2018/8/24, 118, 64
2018/8/25, 131, 79
2018/8/26, 140, 64
2018/8/27, 146, 63
2018/8/28, 156, 60
2018/8/29, 149, 66
2018/8/30, 140, 60
2018/8/31, 119, 46
2018/9/1, 117, 58
2018/9/2, 134, 52
2018/9/3, 110, 44
2018/9/4, 99, 55
2018/9/5, 116, 73
2018/9/6, 116, 68
2018/9/7, 129, 50
2018/9/8, 107, 64
2018/9/9, 153, 64
2018/9/10, 93, 52
2018/9/11, 85, 60
2018/9/12, 96, 62
2018/9/13, 108, 60
2018/9/14, 117, 53
2018/9/15, 101, 48
2018/9/16, 89, 54
2018/9/17, 84, 51
2018/9/18, 90, 45
2018/9/19, 88, 68
2018/9/20, 133, 49
2018/9/21, 129, 35
2018/9/22, 82, 51
2018/9/23, 141, 69
2018/9/24, 137, 
2018/9/25, 149, 83
2018/9/26, 146, 65
2018/9/27, 144, 61
2018/9/28, 131, 56
2018/9/29, 121, 60
2018/9/30, 124, 59
2018/4/1, 69, 31
2018/4/2, 86, 31
2018/4/3, 99, 26
2018/4/4, 91, 67
2018/4/5, 152, 43
2018/4/6, 101, 209
2018/4/7, 117, 27
2018/4/8, 90, 34
2018/4/9, 91, 51
2018/4/10, 109, 62
2018/4/11, 133, 64
2018/4/12, 116, 42
2018/4/13, 106, 55
2018/4/14, 117, 
2018/4/15, 137, 53
2018/4/16, 140, 40
2018/4/17, 109, 
2018/4/18, 139, 
2018/4/19, 141, 53
2018/4/20, 106, 78
2018/4/21, 139, 
2018/4/22, 127, 
2018/4/23, 95, 51
2018/4/24, 124, 60
2018/4/25, 122, 64
2018/4/26, 120, 42
2018/4/27, 91, 43
2018/4/28, 96, 
2018/4/29, 126, 69
2018/4/30, 150, 83
2018/5/1, 138, 71
2018/5/2, 153, 85
2018/5/3, 166, 80
2018/5/4, 162, 68
2018/5/5, 154, 62
2018/5/6, 138, 61
2018/5/7, 106, 66
2018/5/8, 136, 70
2018/5/9, 135, 64
2018/5/10, 134, 61
2018/5/11, 126, 67
2018/5/12, 143, 77
2018/5/13, 161, 80
2018/5/14, 162, 81
2018/5/15, 156, 70
2018/5/16, 148, 59
2018/5/17, 126, 59
2018/5/18, 130, 55
2018/5/19, 116, 66
2018/5/20, 122, 50
2018/5/21, 123, 52
2018/5/22, 112, 39
2018/5/23, 74, 30
2018/5/24, 75, 60
2018/5/25, 138, 71
2018/5/26, 142, 60
2018/5/27, 136, 70
2018/5/28, 158, 67
2018/5/29, 148, 69
2018/5/30, 155, 66
2018/5/31, 151, 58
2018/6/1, 125, 106
2018/6/2, 147, 
2018/6/3, 153, 65
2018/6/4, 141, 65
2018/6/5, 133, 60
2018/6/6, 145, 65
2018/6/7, 145, 54
2018/6/8, 151, 70
2018/6/9, 151, 66
2018/6/10, 156, 75
2018/6/11, 148, 
2018/6/12, 135, 
2018/6/13, 124, 
2018/6/14, 107, 
2018/6/15, 129, 
2018/6/16, 151, 
2018/6/18, 90, 
2018/6/19, 113, 
2018/6/20, 118, 39
2018/6/21, 94, 50
2018/6/22, 125, 44
2018/6/23, 115, 
2018/6/24, 102, 
2018/6/25, 74, 
2018/6/26, 123, 
2018/6/27, 123, 
2018/6/28, 142, 
2018/6/29, 143, 
2018/6/30, 150, 
2018/1/1, 27, 14
2018/1/2, 45, 27
2018/1/3, 67, 18
2018/1/4, 57, 16
2018/1/5, 34, 
2018/1/6, 13, 
2018/1/7, 38, 
2018/1/8, 50, 19
2018/1/9, 53, 20
2018/1/10, 43, 24
2018/1/11, 60, 
2018/1/12, 66, 
2018/1/13, 70, 
2018/1/14, 34, 
2018/1/15, 31, 29
2018/1/16, 24, 17
2018/1/17, 57, 29
2018/1/18, 63, 
2018/1/19, 16, 53
2018/1/22, 65, 
2018/1/23, 118, 1
2018/2/2, 114, 18
2018/2/3, 69, 
2018/2/4, 79, 10
2018/2/5, 77, 
2018/2/6, 92, 
2018/2/7, 117, 23
2018/2/8, 95, 
2018/2/9, 112, 38
2018/2/10, 76, 31
2018/2/11, 99, 
2018/2/12, 111, 38
2018/2/13, 128, 46
2018/2/14, 93, 
2018/2/15, 80, 
2018/2/16, 57, 
2018/2/17, 82, 26
2018/2/18, 67, 
2018/2/19, 67, 37
2018/2/20, 84, 
2018/2/21, 95, 
2018/2/22, 109, 4
2018/2/23, 117, 
2018/2/24, 55, 
2018/2/25, 66, 23
2018/2/26, 58, 
2018/2/27, 89, 
2018/2/28, 91, 
2018/3/1, 119, 15
2018/3/2, 104, 
2018/3/3, 114, 39
2018/3/4, 112, 
2018/3/5, 68, 
2018/3/6, 110, 
2018/3/7, 76, 
2018/3/8, 88, 
2018/3/9, 107, 
2018/3/10, 76, 11
2018/3/11, 91, 17
2018/3/12, 66, 
2018/3/13, 83, 27
2018/3/14, 106, 
2018/3/15, 111, 
2018/3/16, 143, 
2018/3/17, 123, 
2018/3/18, 141, 
2018/3/19, 89, 
2018/3/20, 122, 
2018/3/21, 77, 
2018/3/22, 88, 
2018/3/23, 134, 
2018/3/24, 107, 
2018/3/25, 73, 
2018/3/26, 98, 
2018/3/27, 91, 
2018/3/28, 132, 
2018/3/29, 116, 41
2018/3/30, 96, 28
2018/3/31, 68, 24
2017/10/1, 76, 91
2017/10/2, 85, 38
2017/10/3, 87, 21
2017/10/4, 90, 32
2017/10/5, 88, 66
2017/10/6, 98, 8
2017/10/7, 101, 
2017/10/8, 79, 
2017/10/9, 119, 
2017/10/10, 119, 
2017/10/11, 113, 
2017/10/12, 105, 77
2017/10/13, 95, 26
2017/10/14, 68, 
2017/10/15, 70, 
2017/10/16, 55, 55
2017/10/17, 66, 30
2017/10/18, 71, 
2017/10/19, 74, 
2017/10/20, 99, 
2017/10/21, 137, 
2017/10/22, 93, 
2017/10/23, 88, 
2017/10/24, 86, 
2017/10/25, 88, 
2017/10/26, 66, 
2017/10/27, 95, 
2017/10/28, 116, 
2017/10/30, 58, 
2017/11/13, 54, 
2017/11/14, 91, 
2017/11/15, 82, 
2017/11/16, 66, 
2017/11/17, 79, 
2017/11/18, 71, 
2017/11/19, 90, 
2017/11/20, 62, 9
2017/11/21, 68, 
2017/11/22, 91, 
2017/11/23, 71, 21
2017/11/24, 36, 
2017/11/25, 37, 
2017/11/26, 18, 
2017/11/27, 65, 17
2017/11/28, 11, 
2017/11/29, 28, 
2017/11/30, 17, 35
2017/12/1, 36, 64
2017/12/2, 32, 
2017/12/3, 45, 31
2017/12/4, 34, 27
2017/12/5, 42, 14
2017/12/6, 61, 63
2017/12/7, 49, 31
2017/12/8, 47, 
2017/12/19, 30, 
2017/12/20, 53, 
2017/12/21, 34, 37
2017/12/22, 14, 18
2017/12/23, 50, 
2017/12/24, 32, 
2017/12/25, 39, 
2017/12/26, 37, 20
2017/12/27, 31, 
2017/12/28, 59, 3
2017/12/29, 94, 
2017/12/30, 118, 
2017/7/1, 89, 
2017/7/2, 98, 
2017/7/3, 87, 
2017/7/4, 124, 
2017/7/5, 123, 
2017/7/6, 115, 
2017/7/7, 163, 
2017/7/8, 155, 
2017/7/9, 94, 
2017/7/10, 76, 
2017/7/11, 98, 
2017/7/12, 120, 
2017/7/13, 124, 
2017/7/14, 137, 
2017/7/15, 125, 
2017/7/16, 129, 
2017/7/17, 99, 
2017/7/18, 158, 
2017/7/19, 154, 
2017/7/20, 131, 
2017/7/21, 86, 
2017/7/22, 90, 
2017/7/23, 97, 
2017/7/24, 98, 
2017/7/25, 83, 
2017/7/26, 97, 
2017/7/27, 107, 
2017/7/28, 94, 
2017/7/29, 91, 
2017/7/30, 94, 
2017/7/31, 102, 
2017/8/1, 84, 
2017/8/2, 67, 
2017/8/3, 93, 
2017/8/4, 94, 
2017/8/5, 135, 
2017/8/6, 133, 
2017/8/7, 130, 
2017/8/8, 133, 
2017/8/9, 139, 
2017/8/10, 109, 
2017/8/11, 129, 
2017/8/12, 125, 
2017/8/13, 139, 
2017/8/14, 157, 
2017/8/15, 141, 
2017/8/16, 96, 
2017/8/17, 105, 
2017/8/18, 117, 
2017/8/19, 99, 
2017/8/20, 105, 
2017/8/21, 111, 
2017/8/22, 124, 
2017/8/26, 26, 
2017/8/27, 92, 
2017/8/28, 75, 
2017/8/29, 94, 
2017/8/30, 60, 
2017/8/31, 87, 
2017/9/1, 94, 
2017/9/2, 98, 
2017/9/3, 117, 
2017/9/4, 120, 
2017/9/5, 100, 
2017/9/6, 85, 
2017/9/11, 85, 33
2017/9/12, 114, 31
2017/9/13, 99, 
2017/9/14, 122, 25
2017/9/15, 129, 124
2017/9/16, 114, 58
2017/9/17, 101, 
2017/9/18, 103, 28
2017/9/19, 100, 
2017/9/20, 106, 40
2017/9/21, 115, 32
2017/9/22, 141, 
2017/9/23, 132, 113
2017/9/24, 125, 17
2017/9/25, 127, 7
2017/9/26, 89, 71
2017/9/27, 83, 32
2017/9/28, 115, 21
2017/9/29, 95, 90
2017/9/30, 96, 
2017/4/1, 64, 
2017/4/2, 78, 
2017/4/3, 63, 
2017/4/4, 62, 
2017/4/5, 33, 
2017/4/6, 25, 
2017/4/7, 33, 
2017/4/8, 18, 
2017/4/9, 35, 
2017/4/10, 72, 
2017/4/11, 74, 
2017/4/12, 81, 
2017/4/13, 87, 
2017/4/14, 84, 
2017/4/15, 98, 
2017/4/16, 100, 
2017/4/17, 126, 
2017/4/18, 133, 
2017/4/19, 97, 
2017/4/20, 68, 
2017/4/21, 125, 
2017/4/22, 119, 
2017/4/23, 91, 
2017/4/24, 86, 
2017/4/25, 102, 
2017/4/26, 77, 
2017/4/27, 118, 
2017/5/3, 84, 
2017/5/4, 76, 
2017/5/5, 78, 
2017/5/6, 84, 
2017/5/7, 96, 
2017/5/8, 111, 
2017/5/9, 115, 
2017/5/10, 128, 
2017/5/11, 138, 
2017/5/12, 131, 
2017/5/13, 117, 
2017/5/14, 111, 
2017/5/15, 134, 
2017/5/16, 137, 
2017/5/17, 137, 
2017/5/18, 118, 
2017/5/19, 136, 
2017/5/20, 127, 
2017/5/21, 121, 
2017/5/22, 104, 
2017/5/23, 109, 
2017/5/24, 136, 
2017/5/25, 142, 
2017/5/26, 150, 
2017/5/27, 138, 
2017/5/28, 130, 
2017/5/29, 92, 
2017/5/30, 95, 
2017/5/31, 90, 
2017/6/1, 37, 
2017/6/2, 106, 
2017/6/3, 121, 
2017/6/4, 132, 
2017/6/5, 116, 
2017/6/6, 76, 
2017/6/7, 91, 
2017/6/8, 95, 
2017/6/9, 85, 
2017/6/10, 109, 
2017/6/11, 112, 
2017/6/12, 87, 
2017/6/13, 127, 
2017/6/14, 110, 
2017/6/15, 107, 
2017/6/16, 80, 
2017/6/17, 95, 
2017/6/18, 90, 
2017/6/19, 73, 
2017/6/20, 92, 
2017/6/21, 121, 
2017/6/22, 165, 
2017/6/23, 121, 
2017/6/24, 93, 
2017/6/25, 91, 
2017/6/26, 25, 
2017/6/27, 33, 
2017/6/28, 86, 
2017/6/29, 68, 
2017/6/30, 50, 
2017/1/2, 70, 37
2017/1/3, 81, 28
2017/1/4, 79, 36
2017/1/5, 73, 42
2017/1/6, 67, 42
2017/1/7, 66, 47
2017/1/8, 76, 40
2017/1/9, 86, 
2017/1/10, 68, 
2017/1/11, 67, 
2017/1/12, 52, 
2017/1/13, 50, 
2017/1/14, 44, 
2017/1/15, 50, 
2017/1/16, 45, 27
2017/1/17, 53, 39
2017/1/18, 57, 35
2017/1/19, 47, 30
2017/1/20, 51, 
2017/1/21, 89, 
2017/1/22, 108, 29
2017/1/23, 68, 
2017/1/24, 69, 
2017/1/25, 67, 
2017/1/26, 82, 
2017/1/27, 87, 
2017/1/28, 76, 
2017/1/29, 49, 
2017/1/30, 71, 27
2017/1/31, 59, 44
2017/2/1, 77, 45
2017/2/2, 89, 
2017/2/3, 58, 25
2017/2/4, 49, 21
2017/2/5, 50, 17
2017/2/6, 47, 33
2017/2/7, 76, 28
2017/2/8, 61, 32
2017/2/9, 68, 28
2017/2/10, 66, 30
2017/2/11, 84, 32
2017/2/12, 56, 30
2017/2/13, 46, 30
2017/2/21, 100, 52
2017/2/22, 79, 56
2017/2/23, 84, 53
2017/2/24, 94, 
2017/2/25, 79, 
2017/2/26, 78, 
2017/2/27, 71, 
2017/2/28, 112, 74
2017/3/1, 58, 42
2017/3/2, 85, 92
2017/3/3, 89, 31
2017/3/4, 63, 40
2017/3/5, 88, 46
2017/3/6, 85, 29
2017/3/7, 50, 36
2017/3/8, 58, 57
2017/3/9, 91, 56
2017/3/10, 110, 71
2017/3/11, 116, 
2017/3/12, 71, 45
2017/3/13, 72, 66
2017/3/14, 109, 25
2017/3/15, 34, 50
2017/3/16, 92, 72
2017/3/17, 126, 31
2017/3/18, 53, 58
2017/3/19, 82, 24
2017/3/20, 47, 
2017/3/21, 64, 
2017/3/22, 63, 
2017/3/23, 102, 67
2017/3/24, 111, 41
2017/3/25, 97, 53
2017/3/26, 118, 43
2017/3/27, 69, 59
2017/3/28, 103, 
2017/3/29, 87, 
2017/3/30, 35, 
2017/3/31, 48, 
2016/10/1, 90, 
2016/10/2, 62, 56
2016/10/3, 114, 73
2016/10/4, 114, 77
2016/10/5, 125, 64
2016/10/6, 90, 63
2016/10/7, 117, 52
2016/10/8, 90, 59
2016/10/9, 74, 56
2016/10/10, 124, 
2016/10/11, 127, 
2016/10/12, 132, 
2016/10/13, 139, 
2016/10/14, 86, 
2016/10/15, 96, 
2016/10/16, 86, 
2016/10/17, 126, 
2016/10/18, 129, 56
2016/10/19, 113, 74
2016/10/20, 142, 77
2016/10/21, 161, 
2016/10/22, 133, 
2016/10/23, 70, 
2016/10/24, 126, 
2016/10/25, 89, 32
2016/10/26, 95, 46
2016/10/27, 102, 67
2016/10/28, 126, 
2016/10/29, 95, 
2016/10/30, 106, 
2016/10/31, 97, 
2016/11/1, 69, 
2016/11/2, 80, 
2016/11/3, 100, 
2016/11/4, 143, 
2016/11/5, 154, 
2016/11/6, 165, 
2016/11/7, 145, 
2016/11/8, 137, 
2016/11/9, 114, 
2016/11/10, 116, 
2016/11/11, 133, 
2016/11/12, 113, 
2016/11/13, 83, 
2016/11/14, 106, 
2016/11/15, 75, 
2016/11/16, 107, 
2016/11/17, 123, 
2016/11/18, 134, 
2016/11/19, 116, 
2016/11/20, 119, 
2016/11/21, 129, 
2016/11/22, 127, 
2016/11/23, 118, 
2016/11/24, 106, 
2016/11/25, 80, 
2016/11/26, 150, 
2016/11/27, 155, 
2016/11/28, 116, 
2016/11/29, 88, 
2016/11/30, 135, 
2016/12/1, 76, 
2016/12/2, 60, 
2016/12/3, 48, 
2016/12/4, 48, 
2016/12/5, 50, 
2016/12/6, 57, 
2016/12/7, 94, 
2016/12/8, 101, 47
2016/12/9, 54, 40
2016/12/10, 38, 38
2016/12/11, 43, 45
2016/12/12, 43, 46
2016/12/13, 53, 44
2016/12/14, 68, 
2016/12/15, 68, 53
2016/12/16, 61, 57
2016/12/17, 83, 46
2016/12/18, 61, 43
2016/12/19, 58, 39
2016/12/20, 53, 42
2016/12/21, 54, 40
2016/12/22, 55, 38
2016/12/23, 49, 33
2016/12/24, 50, 41
2016/12/25, 68, 53
2016/12/26, 100, 38
2016/12/27, 58, 58
2016/12/28, 60, 39
2016/12/29, 85, 60
2016/12/30, 121, 
2016/12/31, 122, 54
2017/1/1, 101, 35
2016/7/1, 125, 
2016/7/2, 123, 
2016/7/3, 115, 
2016/7/4, 89, 
2016/7/5, 113, 
2016/7/6, 129, 
2016/7/7, 97, 
2016/7/8, 100, 
2016/7/9, 116, 
2016/7/10, 132, 
2016/7/11, 126, 
2016/7/12, 101, 
2016/7/13, 135, 
2016/7/14, 123, 
2016/7/15, 95, 
2016/7/16, 96, 
2016/7/17, 126, 
2016/7/18, 111, 
2016/7/19, 128, 
2016/7/20, 92, 
2016/7/21, 99, 
2016/7/22, 114, 
2016/7/23, 108, 
2016/7/24, 134, 
2016/7/25, 95, 
2016/7/26, 131, 
2016/7/27, 120, 
2016/7/28, 127, 
2016/7/29, 132, 
2016/7/30, 117, 
2016/7/31, 130, 
2016/8/1, 109, 
2016/8/2, 101, 
2016/8/3, 94, 
2016/8/4, 121, 
2016/8/5, 147, 
2016/8/6, 126, 
2016/8/7, 112, 
2016/8/8, 106, 
2016/8/9, 108, 
2016/8/10, 124, 
2016/8/11, 136, 
2016/8/12, 135, 
2016/8/13, 122, 
2016/8/14, 98, 
2016/8/15, 108, 62
2016/8/16, 127, 100
2016/8/17, 120, 56
2016/8/18, 126, 66
2016/8/19, 109, 67
2016/8/20, 86, 73
2016/8/21, 117, 53
2016/8/22, 109, 54
2016/8/23, 107, 50
2016/8/24, 106, 79
2016/8/25, 129, 72
2016/8/26, 124, 
2016/8/27, 124, 
2016/8/28, 138, 
2016/8/29, 157, 
2016/8/30, 148, 
2016/8/31, 135, 
2016/9/1, 129, 
2016/9/2, 144, 
2016/9/3, 132, 
2016/9/4, 134, 39
2016/9/5, 85, 
2016/9/6, 124, 
2016/9/7, 99, 
2016/9/8, 126, 
2016/9/9, 122, 
2016/9/10, 125, 
2016/9/11, 127, 
2016/9/12, 115, 98
2016/9/13, 103, 64
2016/9/14, 102, 73
2016/9/15, 95, 82
2016/9/16, 133, 60
2016/9/17, 105, 63
2016/9/18, 121, 66
2016/9/19, 127, 60
2016/9/20, 101, 48
2016/9/21, 78, 49
2016/9/22, 86, 45
2016/9/23, 87, 59
2016/9/24, 87, 90
2016/9/25, 103, 34
2016/9/26, 74, 82
2016/9/27, 148, 56
2016/9/28, 83, 
2016/9/29, 70, 
2016/9/30, 100, 
2016/4/1, 130, 
2016/4/2, 78, 
2016/4/3, 96, 
2016/4/4, 84, 
2016/4/5, 102, 
2016/4/6, 114, 
2016/4/7, 98, 
2016/4/8, 120, 
2016/4/9, 119, 
2016/4/10, 110, 
2016/4/11, 131, 
2016/4/12, 130, 
2016/4/13, 107, 
2016/4/14, 110, 
2016/4/15, 132, 
2016/4/16, 118, 
2016/4/17, 91, 
2016/4/18, 92, 
2016/4/19, 113, 
2016/4/20, 103, 
2016/4/21, 98, 
2016/4/22, 100, 
2016/4/23, 98, 
2016/4/24, 100, 
2016/4/25, 124, 
2016/4/26, 141, 
2016/4/27, 125, 
2016/4/28, 112, 
2016/4/29, 112, 
2016/4/30, 121, 
2016/5/1, 105, 
2016/5/2, 112, 
2016/5/3, 107, 
2016/5/4, 109, 
2016/5/5, 112, 
2016/5/6, 133, 
2016/5/7, 149, 
2016/5/8, 141, 
2016/5/9, 124, 
2016/5/10, 126, 
2016/5/11, 123, 
2016/5/12, 135, 
2016/5/13, 110, 
2016/5/14, 124, 
2016/5/15, 92, 
2016/5/16, 116, 
2016/5/17, 147, 
2016/5/18, 117, 
2016/5/19, 140, 
2016/5/20, 150, 
2016/5/21, 113, 
2016/5/22, 137, 
2016/5/23, 143, 
2016/5/24, 122, 
2016/5/25, 108, 
2016/5/26, 109, 
2016/5/27, 154, 
2016/5/28, 142, 
2016/5/29, 92, 
2016/5/30, 126, 
2016/5/31, 127, 
2016/6/1, 138, 
2016/6/2, 107, 
2016/6/3, 106, 
2016/6/4, 141, 
2016/6/5, 142, 
2016/6/6, 163, 
2016/6/7, 127, 
2016/6/8, 71, 
2016/6/9, 133, 
2016/6/10, 106, 
2016/6/11, 126, 
2016/6/12, 150, 
2016/6/13, 139, 
2016/6/14, 140, 
2016/6/15, 121, 
2016/6/16, 117, 
2016/6/17, 122, 
2016/6/18, 72, 
2016/6/19, 132, 
2016/6/20, 135, 
2016/6/21, 152, 
2016/6/22, 90, 
2016/6/23, 92, 
2016/6/24, 122, 
2016/6/25, 142, 
2016/6/26, 137, 
2016/6/27, 123, 33
2016/6/28, 131, 70
2016/6/29, 140, 68
2016/6/30, 109, 
2016/1/4, 127, 77
2016/1/5, 140, 83
2016/1/6, 111, 
2016/1/7, 111, 
2016/1/8, 95, 
2016/1/9, 117, 
2016/1/10, 125, 
2016/1/11, 129, 
2016/1/12, 129, 
2016/1/13, 126, 
2016/1/14, 101, 
2016/1/15, 124, 
2016/1/16, 138, 
2016/1/17, 150, 86
2016/1/18, 140, 65
2016/1/19, 141, 55
2016/1/20, 101, 54
2016/1/21, 122, 57
2016/1/22, 121, 50
2016/1/23, 87, 49
2016/1/24, 89, 43
2016/1/25, 88, 56
2016/1/26, 115, 74
2016/1/27, 137, 65
2016/1/28, 126, 62
2016/1/29, 128, 63
2016/1/30, 108, 
2016/1/31, 80, 43
2016/2/1, 95, 50
2016/2/2, 95, 49
2016/2/3, 97, 55
2016/2/4, 109, 52
2016/2/5, 103, 66
2016/2/6, 130, 51
2016/2/7, 109, 40
2016/2/8, 88, 34
2016/2/9, 56, 45
2016/2/10, 77, 48
2016/2/11, 78, 49
2016/2/12, 99, 70
2016/2/13, 143, 63
2016/2/14, 113, 58
2016/2/15, 119, 
2016/2/16, 101, 
2016/2/17, 93, 59
2016/2/18, 128, 
2016/2/19, 136, 
2016/2/20, 147, 
2016/2/21, 115, 
2016/2/22, 117, 
2016/2/23, 131, 63
2016/2/24, 121, 36
2016/2/25, 77, 29
2016/2/26, 70, 
2016/2/27, 81, 
2016/2/28, 110, 
2016/2/29, 88, 
2016/3/1, 80, 
2016/3/2, 92, 
2016/3/3, 99, 
2016/3/4, 92, 
2016/3/5, 98, 
2016/3/6, 123, 
2016/3/7, 103, 
2016/3/8, 110, 
2016/3/9, 120, 
2016/3/10, 125, 
2016/3/11, 111, 
2016/3/12, 131, 
2016/3/13, 111, 
2016/3/14, 123, 
2016/3/15, 141, 
2016/3/16, 119, 
2016/3/17, 123, 
2016/3/18, 107, 
2016/3/19, 130, 
2016/3/20, 101, 
2016/3/21, 134, 
2016/3/22, 109, 
2016/3/23, 73, 
2016/3/24, 108, 
2016/3/25, 146, 
2016/3/26, 100, 
2016/3/27, 117, 
2016/3/28, 102, 
2016/3/29, 127, 
2016/3/30, 125, 
2016/3/31, 139, 
2015/12/25, 69, 
2015/12/26, 90, 
2015/12/27, 102, 
2015/12/28, 104, 58
2015/12/29, 107, 
2015/12/30, 71, 43
2016/1/3, 80, 
2022/7/14, , 44
2022/6/1, , 38
2021/9/5, , 54
2021/9/6, , 41
2021/6/2, , 58
2021/6/3, , 60
2021/6/4, , 51
2021/6/5, , 47
2021/6/6, , 51
2021/6/7, , 53
2021/6/8, , 67
2021/6/9, , 61
2020/10/1, , 57
2020/10/2, , 53
2020/10/3, , 57
2020/10/4, , 57
2020/10/5, , 39
2020/10/6, , 45
2020/10/7, , 51
2020/10/8, , 53
2020/10/9, , 45
2020/10/10, , 53
2020/10/11, , 51
2020/10/12, , 64
2020/10/13, , 61
2020/10/14, , 63
2020/10/15, , 62
2020/10/16, , 55
2020/10/17, , 47
2020/10/18, , 50
2020/10/19, , 54
2020/10/20, , 52
2020/10/21, , 55
2020/10/22, , 35
2020/10/23, , 27
2020/10/24, , 44
2020/10/25, , 41
2020/6/30, , 72
2020/9/24, , 62
2020/9/25, , 74
2020/9/26, , 56
2020/9/27, , 52
2020/9/28, , 54
2020/9/29, , 53
2020/9/30, , 57
2019/12/31, , 14
2018/10/19, , 54
2018/10/22, , 32
2018/10/23, , 59
2018/10/24, , 59
2018/10/25, , 52
2018/10/26, , 51
2018/10/27, , 31
2018/10/28, , 30
2018/10/29, , 42
2018/10/30, , 50
2018/10/31, , 82
2018/11/1, , 49
2018/11/3, , 45
2018/8/11, , 57
2018/8/12, , 59
2018/8/13, , 66
2018/8/14, , 64
2018/8/15, , 58
2018/8/16, , 55
2018/8/17, , 54
2018/8/18, , 63
2018/8/19, , 60
2018/8/20, , 59
2018/8/21, , 58
2018/8/22, , 55
2018/8/23, , 66
2017/12/31, , 15
2018/1/24, , 12
2018/1/25, , 33
2018/1/30, , 33
2018/1/31, , 29
2018/2/1, , 20
2017/12/12, , 8
2017/12/18, , 44
2017/2/14, , 21
2017/2/15, , 30
2017/2/19, , 23
2017/2/20, , 30
2015/10/6, , 99
2015/10/7, , 83
2015/10/8, , 86
2015/10/9, , 75
2015/10/10, , 103
2015/10/11, , 78
2015/10/14, , 77
2015/10/15, , 108
2015/10/16, , 66
2015/10/17, , 105
2015/10/18, , 92
2015/10/19, , 90
2015/10/20, , 93
2015/10/21, , 105
2015/10/22, , 65
2015/10/26, , 89
2015/10/28, , 81
2015/10/29, , 88
2015/10/31, , 87
2015/12/3, , 80
2015/12/11, , 64
2015/12/15, , 37
2015/7/16, , 62
2015/7/17, , 63
2015/7/18, , 60
2015/7/19, , 60
2015/7/20, , 59
2015/7/21, , 61
2015/7/22, , 65
2015/7/23, , 71
2015/7/24, , 69
2015/7/25, , 75
2015/7/26, , 71
2015/7/27, , 60
2015/7/28, , 65
2015/7/29, , 66
2015/7/30, , 75
2015/7/31, , 70
2015/8/3, , 64
2015/8/4, , 85
2015/8/5, , 92
2015/8/6, , 76
2015/8/7, , 68
2015/8/10, , 79
2015/8/12, , 68
2015/8/14, , 68
2015/8/20, , 80
2015/8/23, , 80
2015/8/24, , 85
2015/8/25, , 84
2015/8/26, , 77
2015/8/27, , 91
2015/8/28, , 83
2015/9/1, , 79
2015/9/2, , 88
2015/9/3, , 98
2015/9/4, , 81
2015/9/8, , 77
2015/9/9, , 75
2015/9/10, , 87
2015/9/11, , 83
2015/9/12, , 86
2015/9/13, , 80
2015/9/14, , 68
2015/9/15, , 104
2015/9/16, , 81
2015/9/17, , 93
2015/9/18, , 86
2015/9/19, , 86